fixture_id,match,league,actual,predicted,hit,p1,px,p2,expected_home_goals,expected_away_goals,brier_1x2,log_loss,actual_over25,p_over25,brier_over25,actual_goal,p_goal,brier_goal,data_confidence,prediction_confidence,exact_top1,exact_top5
1550117,"Atalanta - Cagliari","Serie A",2,X,false,0.371300,0.376250,0.252450,0.967277,0.756726,0.838259,1.376542,true,0.251750,0.559878,true,0.357100,0.413320,68,39,false,false
1550122,"Lecce - Monza","Serie A",1,1,true,0.409350,0.289250,0.301400,1.588311,1.352533,0.523375,0.893185,true,0.564800,0.189399,true,0.616800,0.146842,68,45,false,false
1550128,"AS Roma - Inter","Serie A",X,1,false,0.486700,0.225550,0.287750,2.286423,1.787454,0.919450,1.489213,true,0.771650,0.052144,true,0.759300,0.057936,68,53,false,true
1550127,"AC Milan - Lecce","Serie A",1,1,true,0.513200,0.268900,0.217900,1.805779,1.126441,0.356762,0.667090,true,0.561500,0.192282,false,0.585900,0.343279,68,56,false,false
1569938,"Celta de Vigo II - Sabadell","Segunda División",X,2,false,0.284400,0.315550,0.400050,1.084162,1.313601,0.709395,1.153438,false,0.432750,0.187273,true,0.509100,0.240983,76,48,true,true
1569937,"Burgos - Eldense","Segunda División",1,1,true,0.533850,0.293250,0.172900,1.615127,0.848883,0.333186,0.627640,false,0.446250,0.199139,false,0.478450,0.228914,76,61,false,true
1550119,"Genoa - Frosinone","Serie A",X,2,false,0.095350,0.215100,0.689550,0.725432,2.154523,1.100639,1.536652,false,0.551100,0.303711,true,0.472150,0.278626,68,70,false,true
1550123,"Napoli - Bologna","Serie A",1,1,true,0.488650,0.287150,0.224200,1.618691,1.044791,0.394200,0.716109,false,0.501950,0.251954,false,0.539050,0.290575,68,53,false,true
1550129,"Bologna - Torino","Serie A",X,X,true,0.317850,0.351550,0.330600,1.045165,1.066017,0.630812,1.045403,false,0.349900,0.122430,true,0.446000,0.306916,68,39,true,true
1550130,"Fiorentina - Napoli","Serie A",X,2,false,0.274300,0.267600,0.458100,1.365650,1.810315,0.821506,1.318262,false,0.615650,0.379025,true,0.643000,0.127449,68,51,true,true
1569939,"AD Ceuta FC - Real Sociedad II","Segunda División",1,2,false,0.183350,0.271850,0.544800,0.959015,1.791175,1.037627,1.696358,true,0.518350,0.231987,true,0.535500,0.215760,76,63,false,false
1569940,"Eibar - Las Palmas","Segunda División",1,1,true,0.558550,0.254900,0.186550,1.864046,1.000956,0.294653,0.582411,true,0.548600,0.203762,true,0.551800,0.200883,76,65,false,false
1550121,"Lazio - AC Milan","Serie A",X,1,false,0.417800,0.307600,0.274600,1.384724,1.088903,0.729380,1.178955,true,0.449800,0.302720,true,0.517600,0.232710,68,46,false,false
1550124,"Sassuolo - Juventus","Serie A",1,2,false,0.254950,0.321250,0.423800,0.992763,1.343987,0.837908,1.366688,true,0.414000,0.343396,true,0.489500,0.260610,68,46,false,false
1550135,"Udinese - Cagliari","Serie A",2,2,true,0.310750,0.290200,0.399050,1.258475,1.450279,0.541923,0.918669,false,0.509900,0.259998,false,0.566150,0.320526,68,44,false,true
1550131,"Frosinone - Como","Serie A",1,2,false,0.313400,0.276400,0.410200,1.438961,1.653162,0.716081,1.160275,false,0.593850,0.352658,false,0.634500,0.402590,68,45,false,false
1569942,"Granada CF - FC Andorra","Segunda División",2,1,false,0.499450,0.267100,0.233450,1.819429,1.196433,0.908392,1.454787,true,0.581350,0.175268,true,0.603300,0.157371,76,59,false,false
1569944,"Mallorca - Almeria","Segunda División",2,1,false,0.393150,0.327600,0.279250,1.226217,1.007456,0.781369,1.275648,false,0.390950,0.152842,false,0.468000,0.219024,76,47,false,true
1552163,"Twente - ADO Den Haag","Eredivisie",1,1,true,0.660600,0.198050,0.141350,2.484502,1.140105,0.174396,0.414607,false,0.698700,0.488182,false,0.633200,0.400942,78,74,false,true
1552166,"Heerenveen - Telstar","Eredivisie",X,1,false,0.479150,0.250000,0.270850,1.964800,1.436836,0.865444,1.386294,false,0.657350,0.432109,false,0.665200,0.442491,78,58,false,false
1550136,"Venezia - Lazio","Serie A",2,2,true,0.159100,0.245500,0.595400,1.044033,2.082988,0.249284,0.518522,false,0.602700,0.363247,false,0.590100,0.348218,68,64,false,true
1550132,"Juventus - Atalanta","Serie A",1,1,true,0.436600,0.308050,0.255350,1.405912,1.004413,0.477518,0.828738,false,0.439800,0.193424,false,0.502650,0.252657,68,47,false,true
1569946,"Tenerife - Cadiz","Segunda División",X,1,false,0.473700,0.288550,0.237750,1.587704,1.070214,0.787078,1.242887,false,0.500350,0.250350,true,0.544750,0.207253,76,56,true,true
1569945,"Oviedo - Sporting Gijon","Segunda División",1,X,false,0.345550,0.374250,0.280200,0.955635,0.833620,0.646880,1.062618,false,0.265600,0.070543,false,0.372600,0.138831,76,45,false,true
1552164,"GO Ahead Eagles - Groningen","Eredivisie",X,1,false,0.534100,0.202200,0.263700,2.646909,1.877390,0.991285,1.598498,false,0.823800,0.678646,true,0.790950,0.043702,78,63,false,true
1552167,"Excelsior - Utrecht","Eredivisie",2,1,false,0.762000,0.142150,0.095850,3.214086,1.180791,1.418338,2.344971,true,0.815250,0.034133,true,0.670350,0.108669,78,78,false,false
1552171,"Sparta Rotterdam - Heerenveen","Eredivisie",2,1,false,0.370400,0.259650,0.369950,1.683445,1.684123,0.601577,0.994387,true,0.656050,0.118302,false,0.685700,0.470184,78,44,false,false
1550134,"Parma - Genoa","Serie A",1,1,true,0.409200,0.337750,0.253050,1.260096,0.928071,0.527154,0.893551,true,0.372350,0.393945,true,0.457600,0.294198,68,44,false,false
1569947,"Valladolid - Cordoba","Segunda División",1,1,true,0.376100,0.295650,0.328250,1.449558,1.327034,0.584408,0.977900,true,0.524800,0.225815,true,0.580900,0.175645,76,46,false,false
1552165,"Fortuna Sittard - Ajax","Eredivisie",2,2,true,0.304450,0.242250,0.453300,1.703754,2.061918,0.450256,0.791201,true,0.721150,0.077757,true,0.722050,0.077256,73,52,false,false
1552169,"PSV Eindhoven - Sparta Rotterdam","Eredivisie",1,1,true,0.638750,0.190450,0.170800,2.746799,1.445635,0.195945,0.448242,true,0.783250,0.046981,true,0.726800,0.074638,78,73,false,false
1552172,"ADO Den Haag - Cambuur","Eredivisie",X,1,false,0.415050,0.244950,0.340000,1.955356,1.785156,0.857967,1.406701,false,0.715700,0.512226,true,0.724550,0.075873,78,50,true,true
1552176,"Feyenoord - Utrecht","Eredivisie",1,1,true,0.736800,0.151000,0.112200,3.188455,1.326519,0.104664,0.305439,true,0.828100,0.029550,false,0.705900,0.498295,78,77,false,false
1552168,"Cambuur - NEC Nijmegen","Eredivisie",1,2,false,0.190950,0.204450,0.604600,1.463742,2.571208,1.061903,1.655744,true,0.765050,0.055202,false,0.717800,0.515237,78,72,false,false
1552170,"PEC Zwolle - Feyenoord","Eredivisie",2,2,true,0.197550,0.225050,0.577400,1.258556,2.238903,0.268264,0.549220,true,0.679050,0.103009,false,0.657400,0.432175,78,69,false,false
1552174,"Ajax - Excelsior","Eredivisie",X,1,false,0.493750,0.222800,0.283450,2.346344,1.784030,0.928173,1.501481,true,0.782450,0.047328,true,0.764350,0.055531,78,59,false,true
1552177,"AZ Alkmaar - Telstar","Eredivisie",1,1,true,0.734900,0.178250,0.086850,2.631485,0.876814,0.109594,0.308021,false,0.676400,0.457517,false,0.556950,0.310193,78,77,false,false
1552756,"Auxerre - Nice","Ligue 1",1,2,false,0.293050,0.291000,0.415950,1.298668,1.570405,0.757474,1.227412,false,0.542000,0.293764,false,0.590700,0.348926,68,46,false,false
1552757,"Stade Brestois 29 - Paris Saint Germain","Ligue 1",2,1,false,0.440450,0.258900,0.300650,1.911521,1.573653,0.750116,1.201808,false,0.676850,0.458126,false,0.698250,0.487553,68,48,false,false
1552175,"Willem II - Fortuna Sittard","Eredivisie",2,2,true,0.248300,0.227500,0.524200,1.556983,2.279475,0.339795,0.645882,false,0.737550,0.543980,false,0.727100,0.528674,78,63,false,false
1552178,"NEC Nijmegen - GO Ahead Eagles","Eredivisie",X,2,false,0.321750,0.225850,0.452400,1.848437,2.187685,0.907497,1.487884,false,0.767950,0.589747,true,0.762400,0.056454,78,54,true,true
1552758,"Le Havre - Angers","Ligue 1",X,2,false,0.265650,0.312400,0.421950,1.088004,1.389699,0.721405,1.163471,false,0.450250,0.202725,false,0.517600,0.267910,68,46,false,true
1552759,"Le Mans - Lens","Ligue 1",X,2,false,0.340700,0.263050,0.396250,1.577076,1.706180,0.816186,1.335411,true,0.638150,0.130935,true,0.663400,0.113300,68,42,false,true
1552765,"Angers - Estac Troyes","Ligue 1",1,1,true,0.455200,0.292100,0.252700,1.607556,1.157805,0.445987,0.787018,false,0.516650,0.266927,false,0.564650,0.318830,68,50,false,true
1552179,"Twente - PSV Eindhoven","Eredivisie",1,2,false,0.328500,0.237200,0.434300,1.824896,2.059315,0.695793,1.113218,true,0.743150,0.065972,true,0.746800,0.064110,78,52,false,false
1552761,"Lorient - Toulouse","Ligue 1",X,1,false,0.453350,0.339950,0.206700,1.240005,0.759302,0.683917,1.078957,true,0.319200,0.463489,true,0.399550,0.360540,68,47,false,false
1552760,"Lille - Estac Troyes","Ligue 1",1,1,true,0.538600,0.260550,0.200850,1.943098,1.133339,0.321117,0.618782,false,0.588250,0.346038,false,0.595200,0.354263,68,58,false,true
1552767,"Le Mans - Lorient","Ligue 1",1,1,true,0.353100,0.294450,0.352450,1.388249,1.385173,0.629401,1.041004,true,0.526700,0.224013,true,0.583800,0.173222,68,38,false,true
1552766,"Auxerre - Stade Brestois 29","Ligue 1",1,2,false,0.304250,0.264200,0.431550,1.478280,1.779041,0.740105,1.189906,true,0.631800,0.135571,true,0.657000,0.117649,68,47,false,true
