datasetDate,date,fixtureId,competition,country,homeTeam,awayTeam,actual,actualDraw,homeGoals,awayGoals,aiWeight,homeWinProbability,drawProbability,awayWinProbability,winProbabilityDifference,expectedHomeGoals,expectedAwayGoals,expectedTotalGoals,xgDifference,under25Probability,over25Probability,homeSeasonMatches,homeSeasonDraws,awaySeasonMatches,awaySeasonDraws,homeVenueMatches,homeVenueDraws,awayVenueMatches,awayVenueDraws,dataConfidence,v1Score,v1BalanceScore,v1SeasonDrawScore,v1VenueDrawScore,v1LowScoringScore,v1SimulatedDrawScore,v2Score,v2BalanceScore,v2SeasonDrawScore,v2VenueDrawScore,v2LowScoringScore,v2SimulatedDrawScore,v2XgBalanceScore
2026-08-29,2026-08-29T18:30:00+02:00,1550100,Serie A,Italia,Fiorentina,Frosinone,2,0,0,3,1.0,24.990000000000002,28.599999999999998,46.410000000000004,21.42,1.1747233034736844,1.6456682055623268,2.8203915090360114,0.4709449020886425,46.485,53.515,38,15,38,12,19,9,19,7,65,68,61.443999999999996,88.8157894736842,100.0,46.485,71.49999999999999,65,57.16,88.8157894736842,100.0,46.485,68.0,67.03385685379503
2026-08-29,2026-08-29T20:45:00+02:00,1550101,Serie A,Italia,Juventus,Parma,1,0,2,0,1.0,52.795,30.305,16.900000000000002,35.894999999999996,1.441286539501385,0.7200583871468144,2.161344926648199,0.7212281523545706,63.205,36.795,38,12,38,12,19,7,19,6,65,62,35.38900000000001,78.94736842105262,85.52631578947367,63.205,75.76249999999999,42,28.210000000000008,78.94736842105262,85.52631578947367,63.205,76.525,49.514029335180055
2026-08-29,2026-08-29T18:30:00+02:00,1550104,Serie A,Italia,Monza,Udinese,2,0,2,3,1.0,48.28,28.360000000000003,23.36,24.92,1.6239386283869073,1.0856799484931878,2.709618576880095,0.5382586798937194,48.515,51.485,42,11,38,8,21,4,19,3,65,58,55.144,59.053884711779446,43.54636591478696,48.515,70.89999999999999,55,50.16,59.053884711779446,43.54636591478696,48.515,66.80000000000001,62.32189240743964
2026-08-29,2026-08-29T18:30:00+02:00,1550106,Serie A,Italia,Sassuolo,Torino,1,0,2,1,1.0,39.965,30.285,29.75,10.215000000000003,1.421894053850416,1.1981302710249306,2.6200243248753465,0.22376378282548526,51.550000000000004,48.449999999999996,38,7,38,9,19,2,19,5,65,68,81.613,52.63157894736842,46.05263157894736,51.550000000000004,75.71249999999999,74,79.57,52.63157894736842,46.05263157894736,51.550000000000004,76.425,84.33653520221603
2026-08-29,2026-08-29T16:30:00+02:00,1552145,Eredivisie,Olanda,Excelsior,Sparta Rotterdam,1,0,2,1,1.0,38.745000000000005,25.465,35.79,2.9550000000000054,1.7723088663321798,1.7121636220899654,3.484472488422145,0.060145244242214346,32.565,67.435,34,8,3,1,17,3,1,0,63,64,94.68099999999998,71.078431372549,22.058823529411764,32.565,63.66249999999999,74,94.08999999999999,71.078431372549,22.058823529411764,32.565,52.325,95.789832903045
2026-08-29,2026-08-29T18:45:00+02:00,1552146,Eredivisie,Olanda,AZ Alkmaar,GO Ahead Eagles,1,0,5,2,1.0,50.315,22.830000000000002,26.855,23.459999999999997,2.230368330666667,1.6382814720000003,3.868649802666667,0.5920868586666665,25.339999999999996,74.66000000000001,3,0,3,1,1,0,1,1,60,53,57.772000000000006,41.666666666666664,100.0,25.339999999999996,57.074999999999996,50,53.080000000000005,41.666666666666664,100.0,25.339999999999996,39.150000000000006,58.553919893333344
2026-08-29,2026-08-29T21:00:00+02:00,1552147,Eredivisie,Olanda,PEC Zwolle,NEC Nijmegen,2,0,1,3,1.0,22.67,26.025,51.305,28.634999999999998,1.2752644974048444,1.9572449007612451,3.2325093981660897,0.6819804033564008,37.69,62.31,3,0,34,11,1,0,17,6,63,50,48.457,40.44117647058824,44.11764705882353,37.69,65.06249999999999,48,42.730000000000004,40.44117647058824,44.11764705882353,37.69,55.12499999999999,52.26137176505195
2026-08-29,2026-08-29T20:45:00+02:00,1552738,Ligue 1,Francia,Auxerre,Angers,2,0,1,3,1.0,43.435,29.935000000000002,26.63,16.805000000000003,1.4934644553771625,1.1339642996262975,2.62742875500346,0.359500155750865,50.760000000000005,49.24,34,10,34,9,17,4,17,4,65,67,69.75099999999999,69.85294117647058,58.823529411764696,50.760000000000005,74.8375,69,66.38999999999999,69.85294117647058,58.823529411764696,50.760000000000005,74.67500000000001,74.83498909743945
2026-08-29,2026-08-29T20:45:00+02:00,1552739,Ligue 1,Francia,Stade Brestois 29,Toulouse,X,1,2,2,1.0,35.095,29.060000000000002,35.845,0.75,1.4360732260207614,1.4505013755570935,2.8865746015778546,0.014428149536332091,45.209999999999994,54.790000000000006,34,9,34,9,17,5,17,3,65,73,98.65,66.17647058823529,58.823529411764696,45.209999999999994,72.65,83,98.5,66.17647058823529,58.823529411764696,45.209999999999994,70.30000000000001,98.99002953245676
2026-08-29,2026-08-29T20:45:00+02:00,1552740,Ligue 1,Francia,Lorient,Estac Troyes,2,0,1,2,1.0,28.37,28.58,43.05,14.679999999999996,1.2778726127335642,1.598327581453287,2.8762001941868514,0.3204549687197227,45.095,54.905,34,12,34,7,17,6,17,6,65,68,73.57600000000001,69.85294117647058,88.23529411764706,45.095,71.44999999999999,70,70.64000000000001,69.85294117647058,88.23529411764706,45.095,67.89999999999999,77.56815218961941
2026-08-29,2026-08-29T20:45:00+02:00,1552741,Ligue 1,Francia,Lyon,Le Havre,X,1,1,1,1.0,47.69,29.365000000000002,22.945,24.744999999999997,1.5787658155709343,1.02898953633218,2.6077553519031142,0.5497762792387544,51.550000000000004,48.449999999999996,34,6,34,14,17,1,17,6,65,62,55.459,73.52941176470587,51.47058823529412,51.550000000000004,73.41250000000001,55,50.510000000000005,73.52941176470587,51.47058823529412,51.550000000000004,71.825,61.5156604532872
2026-08-29,2026-08-29T17:15:00+02:00,1552745,Ligue 1,Francia,Strasbourg,Lens,1,0,2,1,1.0,24.565,25.14,50.295,25.73,1.3799052821453288,2.0000999485121103,3.380005230657439,0.6201946663667814,34.33500000000001,65.66499999999999,34,8,34,4,17,3,17,4,65,51,53.686,44.11764705882352,51.470588235294116,34.33500000000001,62.849999999999994,50,48.54,44.11764705882352,51.470588235294116,34.33500000000001,50.7,56.586373354325296
2026-08-29,2026-08-29T16:00:00+02:00,1557378,Premier League,Inghilterra,Bournemouth,Everton,X,1,1,1,1.0,44.72,27.97,27.310000000000002,17.409999999999997,1.663765661623269,1.2940284400221604,2.9577941016454297,0.36973722160110856,43.425000000000004,56.574999999999996,38,18,38,10,19,10,19,5,65,69,68.662,92.10526315789473,98.68421052631578,43.425000000000004,69.925,69,65.18,92.10526315789473,98.68421052631578,43.425000000000004,64.85,74.1183944879224
2026-08-29,2026-08-29T16:00:00+02:00,1557380,Premier League,Inghilterra,Coventry,Hull City,2,0,0,1,1.0,50.425,27.565,22.009999999999998,28.415,1.7824949011757263,1.1359034507569925,2.918398351932719,0.6465914504187338,44.315000000000005,55.684999999999995,46,11,49,11,23,4,24,5,65,55,48.853,57.952528837622,47.78079710144928,44.315000000000005,68.9125,53,43.17,57.952528837622,47.78079710144928,44.315000000000005,62.82500000000001,54.738598470688636
2026-08-29,2026-08-29T13:30:00+02:00,1557383,Premier League,Inghilterra,Liverpool,Nottingham Forest,X,1,2,2,1.0,41.6,28.405,29.995,11.605,1.5995630008254849,1.325824235700831,2.9253872365263156,0.2737387651246539,44.02,55.98,38,9,38,11,19,6,19,3,65,66,79.11099999999999,65.78947368421052,59.210526315789465,44.02,71.0125,71,76.78999999999999,65.78947368421052,59.210526315789465,44.02,67.025,80.83828644127422
2026-08-29,2026-08-29T18:30:00+02:00,1557386,Premier League,Inghilterra,Tottenham,Newcastle,2,0,0,2,1.0,41.705,28.705000000000002,29.59,12.114999999999998,1.5850652160997234,1.2990919929972298,2.884157209096953,0.2859732231024936,44.620000000000005,55.379999999999995,38,11,38,7,19,6,19,5,65,67,78.193,59.210526315789465,72.36842105263158,44.620000000000005,71.7625,71,75.77000000000001,59.210526315789465,72.36842105263158,44.620000000000005,68.52500000000002,79.98187438282545
2026-08-29,2026-08-29T17:00:00+02:00,1570357,La Liga,Spagna,Levante,Real Betis,1,0,5,2,1.0,28.310000000000002,30.380000000000003,41.31,13.0,1.1814061192797782,1.4654712172853186,2.6468773365650966,0.28406509800554036,50.795,49.205,38,9,38,15,19,5,19,9,65,73,76.6,78.94736842105262,92.10526315789473,50.795,75.94999999999999,75,74.0,78.94736842105262,92.10526315789473,50.795,76.9,80.11544313961218
2026-08-29,2026-08-29T19:00:00+02:00,1570361,La Liga,Spagna,Real Sociedad,Espanyol,1,0,2,1,1.0,35.93,29.12,34.949999999999996,0.980000000000004,1.5072697307479226,1.4669164214958448,2.9741861522437674,0.04035330925207781,43.184999999999995,56.815000000000005,38,13,38,10,19,5,19,5,65,74,98.23599999999999,75.6578947368421,65.78947368421052,43.184999999999995,72.8,83,98.03999999999999,75.6578947368421,65.78947368421052,43.184999999999995,70.60000000000001,97.17526835235455
2026-08-29,2026-08-29T21:30:00+02:00,1570362,La Liga,Spagna,Sevilla,Atletico Madrid,2,0,1,3,1.0,32.265,30.209999999999997,37.525,5.259999999999998,1.325781321595568,1.4278229111135732,2.753604232709141,0.10204158951800513,48.224999999999994,51.775000000000006,38,7,38,6,19,4,19,5,65,69,90.53200000000001,42.763157894736835,59.210526315789465,48.224999999999994,75.52499999999999,79,89.48,42.763157894736835,59.210526315789465,48.224999999999994,76.04999999999998,92.85708873373964
2026-08-29,2026-08-29T18:30:00+02:00,1575142,Bundesliga,Germania,Borussia Dortmund,Hamburger SV,1,0,2,0,1.0,52.23,25.8,21.97,30.259999999999998,1.919499378823529,1.1834042109342562,3.1029035897577852,0.7360951678892729,39.895,60.105,34,7,34,11,17,2,17,5,65,53,45.532000000000004,66.17647058823529,51.470588235294116,39.895,64.5,42,39.480000000000004,66.17647058823529,51.470588235294116,39.895,54.0,48.4733382477509
2026-08-29,2026-08-29T15:30:00+02:00,1575143,Bundesliga,Germania,SV Elversberg,Bayer Leverkusen,1,0,3,2,1.0,39.595,26.105,34.300000000000004,5.294999999999995,1.7846512961660896,1.6540298385051901,3.43868113467128,0.1306214576608995,33.10999999999999,66.89,34,8,34,8,17,4,17,4,65,65,90.46900000000001,58.823529411764696,58.823529411764696,33.10999999999999,65.2625,73,89.41000000000001,58.823529411764696,58.823529411764696,33.10999999999999,55.525000000000006,90.85649796373704
2026-08-29,2026-08-29T15:30:00+02:00,1575144,Bundesliga,Germania,1. FC Köln,1899 Hoffenheim,1,0,3,2,1.0,33.18,25.285000000000004,41.535,8.354999999999997,1.6508591781730104,1.8671873592249137,3.5180465373979244,0.21632818105190332,32.084999999999994,67.915,34,11,34,7,17,4,17,5,65,64,84.96100000000001,66.17647058823529,66.17647058823529,32.084999999999994,63.212500000000006,69,83.29,66.17647058823529,66.17647058823529,32.084999999999994,51.42500000000002,84.85702732636676
2026-08-29,2026-08-29T15:30:00+02:00,1575146,Bundesliga,Germania,FSV Mainz 05,SC Paderborn 07,X,1,0,0,1.0,48.455,24.735,26.810000000000002,21.644999999999996,2.006891746366782,1.4724927944636679,3.4793845408304502,0.5343989519031143,32.645,67.355,34,10,34,8,17,5,17,5,65,57,61.03900000000001,66.17647058823529,73.52941176470587,32.645,61.83749999999999,55,56.71000000000001,66.17647058823529,73.52941176470587,32.645,48.675,62.592073366782
2026-08-29,2026-08-29T15:30:00+02:00,1575147,Bundesliga,Germania,RB Leipzig,Borussia Mönchengladbach,1,0,3,0,1.0,38.769999999999996,26.105,35.125,3.644999999999996,1.7553757294463666,1.6718489588927337,3.4272246883391,0.08352677055363289,33.48,66.52,34,5,34,11,17,2,17,5,65,65,93.43900000000001,58.823529411764696,51.470588235294116,33.48,65.2625,74,92.71000000000001,58.823529411764696,51.470588235294116,33.48,55.525000000000006,94.1531260612457
2026-08-29,2026-08-29T15:30:00+02:00,1575148,Bundesliga,Germania,Union Berlin,Eintracht Frankfurt,X,1,3,3,1.0,31.77,23.79,44.440000000000005,12.670000000000005,1.7788656100346023,2.0924211321799304,3.871286742214533,0.3135555221453281,25.509999999999998,74.49,34,9,34,11,17,7,17,7,65,63,77.19399999999999,73.52941176470587,100.0,25.509999999999998,59.475,64,74.66,73.52941176470587,100.0,25.509999999999998,43.949999999999996,78.05111344982703
2026-08-30,2026-08-30T20:45:00+02:00,1550099,Serie A,Italia,Cagliari,Inter,2,0,0,1,1.0,19.86,28.07,52.07000000000001,32.21000000000001,0.9985242623157894,1.7193829995789471,2.7179072618947364,0.7208587372631577,48.629999999999995,51.370000000000005,38,10,38,6,19,4,19,3,65,53,42.021999999999984,52.63157894736842,46.05263157894736,48.629999999999995,70.175,42,35.579999999999984,52.63157894736842,46.05263157894736,48.629999999999995,65.35,49.539888391578955
2026-08-30,2026-08-30T20:45:00+02:00,1550102,Serie A,Italia,Lazio,Genoa,1,0,1,0,1.0,48.949999999999996,29.15,21.9,27.049999999999997,1.6053912637174517,1.0236412914349031,2.629032555152355,0.5817499722825485,50.64999999999999,49.35,38,12,38,11,19,6,19,7,65,63,51.31,75.6578947368421,85.52631578947367,50.64999999999999,72.87499999999999,55,45.900000000000006,75.6578947368421,85.52631578947367,50.64999999999999,70.74999999999999,59.277501940221605
2026-08-30,2026-08-30T18:30:00+02:00,1550105,Serie A,Italia,Napoli,Como,2,0,1,2,1.0,35.515,30.845,33.64,1.875,1.3558012307091416,1.31374183100277,2.6695430617119116,0.042059399706371625,49.735,50.265,38,7,38,11,19,4,19,5,65,74,96.625,59.210526315789465,59.210526315789465,49.735,77.1125,84,96.25,59.210526315789465,59.210526315789465,49.735,79.225,97.05584202055398
2026-08-30,2026-08-30T12:15:00+02:00,1552148,Eredivisie,Olanda,Utrecht,PSV Eindhoven,2,0,1,6,1.0,16.744999999999997,18.8,64.455,47.71,1.5082284906666668,2.899519488,4.4077479786666665,1.3912909973333334,18.54,81.46,3,1,3,1,1,0,1,0,60,32,14.122,83.33333333333333,0.0,18.54,47.0,14,4.579999999999998,83.33333333333333,0.0,18.54,19.000000000000004,2.6096301866666636
2026-08-30,2026-08-30T14:30:00+02:00,1552149,Eredivisie,Olanda,Feyenoord,ADO Den Haag,X,1,2,2,1.0,73.885,16.125,9.99,63.895,2.891631381333333,1.0314716160000001,3.9231029973333333,1.860159765333333,25.195,74.80499999999999,3,1,3,0,1,1,2,0,60,30,0.0,41.666666666666664,100.0,25.195,40.3125,10,0.0,41.666666666666664,100.0,25.195,5.625,0.0
2026-08-30,2026-08-30T14:30:00+02:00,1552150,Eredivisie,Olanda,Willem II,Heerenveen,X,1,2,2,1.0,44.365,28.754999999999995,26.88,17.485000000000003,1.6179223960413223,1.2140608454876032,2.8319832415289254,0.4038615505537191,45.60999999999999,54.39000000000001,44,9,3,1,22,5,1,1,63,67,68.52699999999999,67.23484848484847,100.0,45.60999999999999,71.88749999999999,68,65.03,67.23484848484847,100.0,45.60999999999999,68.77499999999998,71.72969146123967
2026-08-30,2026-08-30T16:45:00+02:00,1552151,Eredivisie,Olanda,Telstar,Ajax,2,0,0,4,1.0,28.605000000000004,25.869999999999997,45.525,16.919999999999995,1.5017371890657438,1.8799562216870433,3.381693410752787,0.3782190326212995,34.67,65.33,34,10,36,15,17,5,17,10,65,66,69.54400000000001,88.84803921568627,100.0,34.67,64.675,65,66.16000000000001,88.84803921568627,100.0,34.67,54.34999999999999,73.52466771650903
2026-08-30,2026-08-30T20:00:00+02:00,1552152,Eredivisie,Olanda,Cambuur,Twente,2,0,1,4,1.0,13.444999999999999,19.2,67.355,53.910000000000004,1.160437212429066,2.6153615980069205,3.7757988104359868,1.4549243855778544,26.83,73.17,3,0,34,13,2,0,17,8,63,31,2.961999999999989,47.79411764705882,58.823529411764696,26.83,48.0,13,0.0,47.79411764705882,58.823529411764696,26.83,20.999999999999996,0.0
2026-08-30,2026-08-30T20:45:00+02:00,1552742,Ligue 1,Francia,Monaco,Marseille,1,0,2,0,1.0,40.325,25.840000000000003,33.835,6.490000000000002,1.7728746521522492,1.6296804712525954,3.4025551234048446,0.14319418089965374,34.195,65.805,34,6,34,5,17,2,17,1,65,59,88.318,40.44117647058824,22.05882352941176,34.195,64.60000000000001,69,87.02,40.44117647058824,22.05882352941176,34.195,54.20000000000002,89.97640733702424
2026-08-30,2026-08-30T15:00:00+02:00,1552743,Ligue 1,Francia,Paris FC,Nice,1,0,3,0,1.0,40.2,29.93,29.87,10.330000000000002,1.454818261945406,1.2393851266312959,2.694203388576702,0.21543313531411012,49.334999999999994,50.665000000000006,34,11,36,12,17,4,18,4,65,71,81.40599999999999,82.1078431372549,57.18954248366013,49.334999999999994,74.825,76,79.34,82.1078431372549,57.18954248366013,49.334999999999994,74.64999999999999,84.9196805280123
2026-08-30,2026-08-30T17:15:00+02:00,1552744,Ligue 1,Francia,Rennes,Le Mans,1,0,3,2,1.0,35.135,28.055000000000003,36.809999999999995,1.6749999999999972,1.478042473564014,1.5155155797923876,2.9935580533564017,0.03747310622837352,42.135,57.865,34,8,34,14,17,4,17,8,65,75,96.985,80.88235294117646,88.23529411764704,42.135,70.1375,82,96.65,80.88235294117646,88.23529411764704,42.135,65.27500000000002,97.37688256401385
2026-08-30,2026-08-30T15:00:00+02:00,1557379,Premier League,Inghilterra,Chelsea,Brighton,1,0,4,3,1.0,39.175,27.950000000000003,32.875,6.299999999999997,1.5778951905263159,1.4332336168421054,3.0111288073684213,0.1446615736842105,42.205000000000005,57.794999999999995,38,10,38,11,19,5,19,5,65,70,88.66000000000001,69.07894736842104,65.78947368421052,42.205000000000005,69.875,76,87.4,69.07894736842104,65.78947368421052,42.205000000000005,64.75000000000001,89.87368984210526
2026-08-30,2026-08-30T15:00:00+02:00,1557382,Premier League,Inghilterra,Leeds,Brentford,X,1,1,1,1.0,35.275,27.994999999999997,36.730000000000004,1.4550000000000054,1.4581689657063712,1.4828514535180055,2.941020419224377,0.02468248781163429,42.905,57.095,38,14,38,11,19,5,19,3,65,73,97.38099999999999,82.23684210526316,52.63157894736842,42.905,69.9875,81,97.08999999999999,82.23684210526316,52.63157894736842,42.905,64.97499999999998,98.2722258531856
2026-08-30,2026-08-30T17:30:00+02:00,1557384,Premier League,Inghilterra,Manchester United,Ipswich,1,0,5,2,1.0,36.165000000000006,28.04,35.795,0.37000000000000455,1.5349246974317297,1.526997012613356,3.0619217100450857,0.007927684818373582,41.144999999999996,58.855000000000004,38,11,46,15,19,3,23,7,65,73,99.33399999999999,76.94508009153319,57.78032036613272,41.144999999999996,70.1,82,99.25999999999999,76.94508009153319,57.78032036613272,41.144999999999996,65.19999999999999,99.44506206271384
2026-08-30,2026-08-30T15:00:00+02:00,1557385,Premier League,Inghilterra,Sunderland,Fulham,1,0,1,0,1.0,39.065,30.709999999999997,30.225,8.839999999999996,1.3931460551800556,1.1948171988033243,2.58796325398338,0.19832885637673137,52.535,47.465,38,12,38,7,19,6,19,5,65,72,84.08800000000001,62.5,72.36842105263158,52.535,76.77499999999999,78,82.32000000000001,62.5,72.36842105263158,52.535,78.54999999999998,86.11698005362881
2026-08-30,2026-08-30T21:30:00+02:00,1570355,La Liga,Spagna,Celta Vigo,Athletic Club,2,0,0,2,1.0,41.27,29.165000000000003,29.565,11.705000000000002,1.5519687532963986,1.304615864376731,2.8565846176731293,0.24735288891966767,45.879999999999995,54.120000000000005,38,12,38,6,19,5,19,3,65,66,78.931,59.210526315789465,52.63157894736842,45.879999999999995,72.91250000000001,72,76.59,59.210526315789465,52.63157894736842,45.879999999999995,70.82500000000002,82.68529777562327
2026-08-30,2026-08-30T19:30:00+02:00,1570356,La Liga,Spagna,Deportivo La Coruna,Valencia,1,0,3,1,1.0,46.625,30.285,23.09,23.535,1.5258176365273333,1.0350118930046919,2.5608295295320254,0.4908057435226414,52.62,47.38,42,11,38,10,21,5,19,4,65,63,57.637,65.6328320802005,56.07769423558897,52.62,75.71249999999999,55,52.93,65.6328320802005,56.07769423558897,52.62,76.425,65.64359795341511
2026-08-30,2026-08-30T17:00:00+02:00,1570360,La Liga,Spagna,Real Madrid,Malaga,1,0,4,0,1.0,52.685,25.11,22.205,30.480000000000004,1.958511853687363,1.2203535130055245,3.1788653666928877,0.7381583406818384,38.59,61.41,38,5,46,12,19,1,23,3,65,48,45.13599999999999,49.056064073226544,22.88329519450801,38.59,62.77499999999999,42,39.03999999999999,49.056064073226544,22.88329519450801,38.59,50.55,48.32891615227131
2026-08-30,2026-08-30T17:30:00+02:00,1575141,Bundesliga,Germania,FC Augsburg,FC Schalke 04,1,0,3,0,1.0,34.245,27.315,38.440000000000005,4.195000000000007,1.566208406366782,1.6744928553633216,3.240701261730104,0.10828444899653955,37.25000000000001,62.74999999999999,34,7,34,7,17,5,17,4,65,67,92.44899999999998,51.470588235294116,66.17647058823529,37.25000000000001,68.2875,75,91.60999999999999,51.470588235294116,66.17647058823529,37.25000000000001,61.575,92.42008857024223
2026-08-30,2026-08-30T15:30:00+02:00,1575145,Bundesliga,Germania,SC Freiburg,Werder Bremen,1,0,4,1,1.0,49.135,25.455,25.41,23.724999999999998,1.9171277949757786,1.3234333725674738,3.2405611675432526,0.5936944224083047,36.895,63.105,34,8,34,8,17,5,17,4,65,56,57.295,58.823529411764696,66.17647058823529,36.895,63.63749999999999,54,52.550000000000004,58.823529411764696,66.17647058823529,36.895,52.27499999999999,58.44139043141867
2026-08-30,2026-08-30T19:00:00+02:00,1575478,Primeira Liga,Portogallo,Casa Pia,Moreirense,2,0,0,1,1.0,14.645,25.455,59.9,45.254999999999995,0.8505673288027681,1.8832455237093422,2.73381285251211,1.0326781949065742,48.529999999999994,51.470000000000006,3,0,34,7,1,0,17,4,63,40,18.54100000000001,25.735294117647058,29.411764705882348,48.529999999999994,63.63749999999999,31,9.490000000000009,25.735294117647058,29.411764705882348,48.529999999999994,52.27499999999999,27.71252635653981
2026-08-30,2026-08-30T21:30:00+02:00,1575479,Primeira Liga,Portogallo,Famalicao,GIL Vicente,X,1,0,0,1.0,24.935,34.044999999999995,41.02,16.085000000000004,0.883595730403691,1.1912607878200692,2.0748565182237604,0.3076650574163782,65.78,34.22,3,1,34,11,1,0,17,8,63,75,71.047,82.1078431372549,58.823529411764696,65.78,85.1125,78,67.82999999999998,82.1078431372549,58.823529411764696,65.78,95.22499999999997,78.46344598085352
2026-08-30,2026-08-30T16:30:00+02:00,1575480,Primeira Liga,Portogallo,Nacional,Estrela,2,0,2,3,1.0,42.905,30.18,26.915,15.990000000000002,1.4672307880184545,1.1265485098961938,2.593779297914648,0.3406822781222607,51.83,48.17,3,1,34,12,1,0,17,6,63,68,71.21799999999999,85.7843137254902,44.11764705882353,51.83,75.44999999999999,71,68.02,85.7843137254902,44.11764705882353,51.83,75.9,76.15224053144175
2026-08-30,2026-08-30T13:30:00+02:00,1558613,Jupiler Pro League,Belgio,Gent,Club Brugge KV,1,0,2,1,0.95,16.805,27.529999999999998,55.665,38.86,0.9237732416945696,1.808693031035268,2.7324662727298374,0.8849197893406984,48.145,51.855,41,13,3,0,21,7,1,0,63,47,30.051999999999992,39.63414634146341,41.666666666666664,48.145,68.82499999999999,42,22.28,39.63414634146341,41.666666666666664,48.145,62.649999999999984,38.055614746151115
2026-08-30,2026-08-30T16:00:00+02:00,1558614,Jupiler Pro League,Belgio,Antwerp,St. Truiden,2,0,1,4,0.95,52.959999999999994,23.98,23.06,29.899999999999995,2.1393468285000004,1.408984632,3.5483314605,0.7303621965000004,31.665,68.33500000000001,3,1,40,5,2,1,20,3,63,52,46.18000000000001,57.291666666666664,81.25,31.665,59.95,46,40.20000000000001,57.291666666666664,81.25,31.665,44.9,48.874646244999965
2026-09-04,2026-09-04T20:45:00+02:00,1550112,Serie A,Italia,Genoa,Como,2,0,1,4,1.0,20.7,28.58,50.72,30.02,1.0023700069141275,1.654151411235457,2.6565214181495844,0.6517814043213295,50.114999999999995,49.885000000000005,38,11,38,11,19,4,19,5,65,59,45.964,72.36842105263158,59.210526315789465,50.114999999999995,71.44999999999999,42,39.96,72.36842105263158,59.210526315789465,50.114999999999995,67.89999999999999,54.375301697506934
2026-09-04,2026-09-04T20:00:00+02:00,1552153,Eredivisie,Olanda,Sparta Rotterdam,PEC Zwolle,X,1,2,2,1.0,53.815000000000005,24.95,21.235,32.580000000000005,2.004753673,1.2438441599999999,3.248597833,0.7609095130000003,36.45,63.55,4,1,4,0,2,1,2,0,60,47,41.35599999999999,31.25,62.5,36.45,62.37499999999999,42,34.83999999999999,31.25,62.5,36.45,49.74999999999999,46.73633408999998
2026-09-04,2026-09-04T19:00:00+02:00,1552750,Ligue 1,Francia,Lyon,Auxerre,1,0,3,1,1.0,44.545,29.415000000000003,26.040000000000003,18.505,1.5601843526435986,1.1630827874325258,2.7232671400761244,0.39710156521107276,49.029999999999994,50.970000000000006,34,6,34,10,17,1,17,6,65,63,66.691,58.823529411764696,51.47058823529412,49.029999999999994,73.5375,66,62.99,58.823529411764696,51.47058823529412,49.029999999999994,72.07500000000002,72.2028904352249
2026-09-04,2026-09-04T21:05:00+02:00,1552753,Ligue 1,Francia,Paris Saint Germain,Monaco,2,0,1,2,1.0,46.43,26.314999999999998,27.255000000000003,19.174999999999997,1.8362766643252597,1.4044616331072666,3.240738297432526,0.43181503121799314,37.55,62.45,34,4,34,6,17,2,17,4,65,55,65.48500000000001,36.764705882352935,44.11764705882352,37.55,65.7875,58,61.650000000000006,36.764705882352935,44.11764705882352,37.55,56.57499999999999,69.77294781474048
2026-09-04,2026-09-04T21:00:00+02:00,1557393,Premier League,Inghilterra,Ipswich,Liverpool,2,0,0,2,1.0,48.47,26.145000000000003,25.385,23.084999999999997,1.8672960475356735,1.3391036903351643,3.2063997378708375,0.5281923572005092,37.845,62.155,46,15,38,9,23,8,19,3,65,58,58.447,70.36613272311212,63.215102974828376,37.845,65.3625,55,53.830000000000005,70.36613272311212,63.215102974828376,37.845,55.725000000000016,63.02653499596436
2026-09-04,2026-09-04T21:00:00+02:00,1570365,La Liga,Spagna,Real Betis,Real Madrid,1,0,1,0,1.0,15.155,21.93,62.915,47.76,1.1101596946666665,2.3587409279999996,3.4689006226666663,1.248581233333333,32.794999999999995,67.205,3,0,3,0,1,0,1,0,60,27,14.031999999999996,0.0,0.0,32.794999999999995,54.82499999999999,17,4.480000000000004,0.0,0.0,32.794999999999995,34.65,12.599313666666689
2026-09-04,2026-09-04T20:30:00+02:00,1575149,Bundesliga,Germania,VfB Stuttgart,1. FC Köln,1,0,4,1,1.0,54.885,22.585,22.53,32.355,2.3484990914602077,1.4739236708096883,3.822422762269896,0.8745754206505194,26.82,73.18,34,8,34,11,17,3,17,7,65,49,41.761,69.85294117647058,73.52941176470587,26.82,56.46249999999999,40,35.290000000000006,69.85294117647058,73.52941176470587,26.82,37.925000000000004,38.779720554463644
2026-09-04,2026-09-04T21:15:00+02:00,1575485,Primeira Liga,Portogallo,FC Porto,Moreirense,1,0,2,1,1.0,73.11999999999999,19.88,7.000000000000001,66.11999999999999,2.202583434,0.5790965759999999,2.78168001,1.6234868580000001,46.965,53.035,4,0,3,1,2,0,2,0,60,29,0.0,41.666666666666664,0.0,46.965,49.7,13,0.0,41.666666666666664,0.0,46.965,24.399999999999995,0.0
2026-09-04,2026-09-04T20:00:00+02:00,1552459,Ligue 2,Francia,Boulogne,Dijon,X,1,1,1,0.95,28.634999999999998,37.405,33.96,5.325000000000003,0.8789662570000001,0.9666528000000001,1.8456190570000002,0.087686543,71.995,28.005000000000003,4,3,4,2,2,2,2,2,60,90,90.41499999999999,100.0,100.0,71.995,93.5125,93,89.35,100.0,100.0,71.995,100.0,93.86194199
2026-09-04,2026-09-04T20:00:00+02:00,1552460,Ligue 2,Francia,Dunkerque,Clermont Foot,X,1,1,1,0.95,43.36,31.185000000000002,25.455,17.905,1.4560246390000002,1.075820016,2.5318446550000004,0.38020462300000024,53.96000000000001,46.04,4,1,4,3,2,0,1,0,60,67,67.77099999999999,100.0,0.0,53.96000000000001,77.9625,70,64.19,100.0,0.0,53.96000000000001,80.92500000000001,73.38567638999999
2026-09-04,2026-09-04T20:00:00+02:00,1552461,Ligue 2,Francia,Grenoble,Annecy,2,0,1,2,0.95,26.38,29.185,44.435,18.055000000000003,1.2458401010000002,1.6279321439999999,2.873772245,0.38209204299999966,45.665,54.335,4,1,4,1,1,1,2,0,60,67,67.50099999999999,62.5,100.0,45.665,72.96249999999999,68,63.88999999999999,62.5,100.0,45.665,70.925,73.25355699000002
2026-09-04,2026-09-04T20:00:00+02:00,1552462,Ligue 2,Francia,Laval,RED Star FC 93,2,0,1,2,0.95,35.94,30.985000000000003,33.074999999999996,2.865000000000002,1.340828662,1.286713584,2.627542246,0.05411507800000015,51.31,48.69,4,1,4,2,2,0,2,1,60,78,94.84299999999999,93.75,62.5,51.31,77.4625,86,94.27,93.75,62.5,51.31,79.92500000000001,96.21194453999999
2026-09-04,2026-09-04T20:00:00+02:00,1552465,Ligue 2,Francia,PAU,Sochaux,X,1,1,1,0.95,35.14,38.49,26.369999999999997,8.770000000000003,0.9393751800000001,0.784647024,1.7240222040000002,0.15472815600000012,75.32,24.68,4,1,4,2,2,0,2,2,60,88,84.214,93.75,100.0,75.32,96.22500000000001,90,82.46,93.75,100.0,75.32,100.0,89.16902907999999
2026-09-04,2026-09-04T20:45:00+02:00,1558617,Jupiler Pro League,Belgio,Lommel United,Club Brugge KV,2,0,0,1,0.95,29.544999999999998,29.970000000000002,40.485,10.940000000000001,1.2173949480000001,1.452948672,2.67034362,0.23555372399999985,49.855000000000004,50.144999999999996,4,1,4,0,2,0,2,0,60,60,80.30799999999999,31.25,0.0,49.855000000000004,74.925,70,78.12,31.25,0.0,49.855000000000004,74.85000000000002,83.51123932000002
2026-09-04,2026-09-04T20:30:00+02:00,1569910,Segunda División,Spagna,Las Palmas,Leganes,X,1,0,0,0.95,33.77,30.885,35.345,1.5749999999999957,1.2868439220000003,1.335494208,2.62233813,0.048650285999999765,50.974999999999994,49.025,3,0,3,1,1,0,2,1,60,73,97.165,41.666666666666664,62.5,50.974999999999994,77.21249999999999,83,96.85000000000001,41.666666666666664,62.5,50.974999999999994,79.42500000000001,96.59447998000002
2026-09-04,2026-09-04T18:30:00+02:00,1576161,2. Bundesliga,Germania,Arminia Bielefeld,FC St. Pauli,X,1,2,2,0.95,50.74999999999999,23.665,25.585,25.164999999999992,2.1919422,1.543444,3.7353862,0.6484982000000001,27.6,72.39999999999999,3,0,3,2,1,0,1,1,60,58,54.70300000000001,83.33333333333333,100.0,27.6,59.162499999999994,51,49.670000000000016,83.33333333333333,100.0,27.6,43.324999999999996,54.60512599999999
2026-09-04,2026-09-04T18:30:00+02:00,1576163,2. Bundesliga,Germania,Hannover 96,Karlsruher SC,X,1,2,2,0.95,47.495,26.72,25.785000000000004,21.709999999999994,1.7795771133333333,1.29751104,3.0770881533333334,0.4820660733333333,40.395,59.605,3,0,3,1,1,0,1,1,60,59,60.92200000000001,41.666666666666664,100.0,40.395,66.8,59,56.58000000000001,41.666666666666664,100.0,40.395,58.599999999999994,66.25537486666667
2026-09-04,2026-09-04T19:00:00+02:00,1584394,Süper Lig,Turchia,Başakşehir,Galatasaray,2,0,2,3,0.95,26.77,25.585,47.644999999999996,20.874999999999996,1.4541598340000004,1.966146624,3.4203064580000007,0.5119867899999997,33.51,66.49000000000001,3,1,3,1,2,1,1,0,60,60,62.425000000000004,83.33333333333333,62.5,33.51,63.9625,58,58.25000000000001,83.33333333333333,62.5,33.51,52.925,64.16092470000002
2026-09-07,2026-09-07T18:30:00+02:00,1550109,Serie A,Italia,Cagliari,Lecce,1,0,1,0,1.0,39.165,33.245000000000005,27.589999999999996,11.575000000000003,1.2353559990803327,0.9974279609085871,2.23278395998892,0.23792803817174557,61.199999999999996,38.800000000000004,38,10,38,8,19,4,19,3,65,72,79.16499999999999,59.210526315789465,46.05263157894736,61.199999999999996,83.1125,79,76.85,59.210526315789465,46.05263157894736,61.199999999999996,91.22500000000002,83.3450373279778
2026-09-07,2026-09-07T20:45:00+02:00,1550116,Serie A,Italia,Udinese,Lazio,2,0,1,2,1.0,31.14,31.630000000000003,37.230000000000004,6.090000000000003,1.188183752526316,1.311985536,2.500169288526316,0.12380178347368398,54.50999999999999,45.49,38,8,38,12,19,5,19,6,65,75,89.038,65.78947368421052,72.36842105263158,54.50999999999999,79.075,82,87.82,65.78947368421052,72.36842105263158,54.50999999999999,83.15,91.33387515684213
2026-09-07,2026-09-07T21:30:00+02:00,1570366,La Liga,Spagna,Elche,Real Sociedad,2,0,2,3,1.0,30.175,28.294999999999998,41.53,11.355,1.35133941,1.5965136,2.94785301,0.24517418999999996,43.165,56.835,3,1,4,1,1,0,2,0,60,62,79.561,72.91666666666666,0.0,43.165,70.73749999999998,69,77.28999999999999,72.91666666666666,0.0,43.165,66.475,82.8378067
2026-09-07,2026-09-07T19:00:00+02:00,1570368,La Liga,Spagna,Getafe,Celta Vigo,X,1,1,1,1.0,28.660000000000004,39.505,31.835,3.174999999999997,0.7752761913333336,0.8388670079999999,1.6141431993333335,0.06359081666666633,78.115,21.884999999999998,3,0,4,2,1,0,2,2,60,89,94.28500000000001,62.5,100.0,78.115,98.7625,93,93.65,62.5,100.0,78.115,100.0,95.54864283333336
2026-09-07,2026-09-07T21:15:00+02:00,1575483,Primeira Liga,Portogallo,Estoril,Arouca,X,1,0,0,1.0,13.635,28.194999999999997,58.17,44.535000000000004,0.6895316960000001,1.632681024,2.32221272,0.943149328,58.715,41.285,4,1,4,0,2,1,2,0,60,48,19.83699999999999,31.25,62.5,58.715,70.4875,40,10.929999999999993,31.25,62.5,58.715,65.97499999999998,33.97954704
2026-09-07,2026-09-07T20:45:00+02:00,1552464,Ligue 2,Francia,Nantes,Nancy,1,0,1,0,0.95,23.555,29.56,46.885,23.33,1.080876594,1.561307904,2.6421844979999998,0.48043130999999994,50.56499999999999,49.435,4,1,4,1,2,0,2,1,60,62,58.006,62.5,62.5,50.56499999999999,73.89999999999999,55,53.34,62.5,62.5,50.56499999999999,72.8,66.3698083
2026-09-07,2026-09-07T20:30:00+02:00,1569913,Segunda División,Spagna,Sabadell,Cordoba,1,0,3,2,0.95,47.115,31.830000000000002,21.055,26.060000000000002,1.4053092746666667,0.858484224,2.263793498666667,0.5468250506666666,60.475,39.525,3,2,3,0,1,0,1,0,60,62,53.09199999999999,83.33333333333333,0.0,60.475,79.575,55,47.879999999999995,83.33333333333333,0.0,60.475,84.15000000000002,61.722246453333334
2026-09-07,2026-09-07T19:00:00+02:00,1584398,Süper Lig,Turchia,Göztepe,Gaziantep FK,2,0,2,4,0.95,35.815000000000005,29.095,35.089999999999996,0.7250000000000085,1.4561361333333334,1.45893312,2.9150692533333333,0.002796986666666612,44.230000000000004,55.769999999999996,3,1,3,1,1,0,1,0,60,70,98.69499999999998,83.33333333333333,0.0,44.230000000000004,72.73749999999998,82,98.54999999999998,83.33333333333333,0.0,44.230000000000004,70.475,99.80421093333334
2026-09-07,2026-09-07T19:00:00+02:00,1584401,Süper Lig,Turchia,Rizespor,Alanyaspor,2,0,0,1,0.95,39.34,34.410000000000004,26.25,13.090000000000003,1.2162137899999999,0.9495359999999999,2.1657497899999996,0.2666777899999999,63.54500000000001,36.455,3,0,3,1,1,0,2,1,60,71,76.43799999999999,41.666666666666664,62.5,63.54500000000001,86.02499999999999,78,73.82,41.666666666666664,62.5,63.54500000000001,97.05000000000001,81.3325547
2026-09-07,2026-09-07T20:30:00+02:00,1601520,Serie B,Italia,Palermo,Sampdoria,1,0,3,1,0.95,53.72,29.15,17.130000000000003,36.589999999999996,1.6230056224329643,0.8382468382670359,2.4612524607000004,0.7847587841659284,55.635,44.365,40,12,38,11,20,4,19,6,65,57,34.138000000000005,73.6842105263158,64.47368421052632,55.635,72.87499999999999,42,26.820000000000007,73.6842105263158,64.47368421052632,55.635,70.74999999999999,45.066885108385016
2026-09-08,2026-09-08T18:45:00+02:00,1552136,Eredivisie,Olanda,NEC Nijmegen,Excelsior,X,1,2,2,1.0,23.215,23.09,53.69500000000001,30.480000000000008,1.4848215,2.2977664799999995,3.7825879799999997,0.8129449799999995,27.12,72.88,4,0,4,0,2,0,2,0,60,36,45.13599999999999,0.0,0.0,27.12,57.724999999999994,36,39.039999999999985,0.0,0.0,27.12,40.449999999999996,43.093851400000034
2026-09-08,2026-09-08T14:00:00+02:00,1552155,Eredivisie,Olanda,Utrecht,GO Ahead Eagles,X,1,3,3,1.0,19.93,18.235,61.834999999999994,41.904999999999994,1.706594064,2.915009328,4.621603392,1.208415264,15.934999999999999,84.065,4,1,4,1,2,0,2,1,60,37,24.571000000000012,62.5,62.5,15.934999999999999,45.587500000000006,21,16.190000000000012,62.5,62.5,15.934999999999999,16.174999999999997,15.410931519999991
2026-09-08,2026-09-08T18:45:00+02:00,1635609,UEFA Champions League,Europa,AEK Athens FC,Lask Linz,1,0,1,0,1.0,42.95,23.555,33.495000000000005,9.454999999999998,2.063235586666667,1.8396864,3.9029219866666667,0.223549186666667,24.895,75.105,3,1,5,0,2,0,2,0,66,53,82.981,41.666666666666664,0.0,24.895,58.8875,61,81.09,41.666666666666664,0.0,24.895,42.775,84.35155693333331
2026-09-08,2026-09-08T18:45:00+02:00,1635643,UEFA Champions League,Europa,Club Brugge KV,Aston Villa,2,0,2,3,1.0,72.50999999999999,21.48,6.01,66.49999999999999,1.9806925952000005,0.4729072319999999,2.4535998272000006,1.5077853632000007,55.88999999999999,44.11,5,0,3,1,2,0,2,1,66,37,0.0,41.666666666666664,62.5,55.88999999999999,53.69999999999999,19,0.0,41.666666666666664,62.5,55.88999999999999,32.4,0.0
2026-09-08,2026-09-08T21:00:00+02:00,1635652,UEFA Champions League,Europa,Borussia Dortmund,Villarreal,1,0,3,2,1.0,56.26,23.7,20.04,36.22,2.14418551384083,1.2327393769411765,3.3769248907820066,0.9114461368996536,34.214999999999996,65.78500000000001,34,7,4,2,17,2,3,2,63,53,34.804,88.23529411764704,98.0392156862745,34.214999999999996,59.24999999999999,41,27.560000000000002,88.23529411764704,98.0392156862745,34.214999999999996,43.49999999999999,36.19877041702425
2026-09-08,2026-09-08T21:00:00+02:00,1635654,UEFA Champions League,Europa,FC Porto,Manchester City,2,0,0,2,1.0,43.275000000000006,27.88,28.845,14.430000000000007,1.5856853760000003,1.275343872,2.8610292480000004,0.31034150400000016,45.13,54.87,5,0,3,0,3,0,1,0,66,52,74.02599999999998,0.0,0.0,45.13,69.69999999999999,62,71.13999999999999,0.0,0.0,45.13,64.39999999999999,78.27609471999999
2026-09-08,2026-09-08T21:00:00+02:00,1635683,UEFA Champions League,Europa,Lille,Real Betis,2,0,2,3,1.0,46.845,29.970000000000002,23.185,23.66,1.561400458,1.063420176,2.6248206339999998,0.4979802820000001,51.269999999999996,48.730000000000004,3,1,4,0,1,1,2,0,60,63,57.412,41.666666666666664,100.0,51.269999999999996,74.925,55,52.68,41.666666666666664,100.0,51.269999999999996,74.85000000000002,65.14138025999999
2026-09-08,2026-09-08T21:00:00+02:00,1635714,UEFA Champions League,Europa,Real Madrid,Inter,1,0,2,1,1.0,44.13,24.855,31.014999999999997,13.115000000000006,1.969623047,1.6404229919999997,3.6100460389999998,0.32920005500000027,30.435000000000002,69.565,4,0,3,0,2,0,1,0,60,48,76.39299999999999,0.0,0.0,30.435000000000002,62.13749999999999,57,73.76999999999998,0.0,0.0,30.435000000000002,49.275000000000006,76.95599614999998
2026-09-08,2026-09-08T20:45:00+02:00,1563143,Championship,Inghilterra,Blackburn,Sheffield Utd,2,0,1,2,0.95,33.505,31.36,35.135,1.6299999999999955,1.2802498740000001,1.30369824,2.583948114,0.023448365999999776,52.125,47.875,5,2,5,3,2,0,2,2,72,83,97.066,100.0,100.0,52.125,78.39999999999999,89,96.74000000000001,100.0,100.0,52.125,81.8,98.35861438000002
2026-09-08,2026-09-08T21:00:00+02:00,1563144,Championship,Inghilterra,Bolton,West Ham,2,0,2,3,0.95,19.1,25.85,55.05,35.949999999999996,1.0693289539999997,1.9113368063999998,2.9806657603999995,0.8420078524000001,42.66,57.34,5,1,5,2,2,0,2,2,72,56,35.290000000000006,75.00000000000001,100.0,42.66,64.625,42,28.10000000000001,75.00000000000001,100.0,42.66,54.25000000000001,41.059450332
2026-09-08,2026-09-08T20:45:00+02:00,1563146,Championship,Inghilterra,Cardiff,Stoke City,X,1,1,1,0.95,39.074999999999996,26.795,34.13,4.944999999999993,1.680598836,1.5543972096,3.2349960456,0.12620162639999988,37.03999999999999,62.96000000000001,5,3,5,0,2,2,2,0,72,72,91.09900000000002,74.99999999999999,100.0,37.03999999999999,66.9875,77,90.11000000000001,74.99999999999999,100.0,37.03999999999999,58.97500000000001,91.16588615200001
2026-09-08,2026-09-08T20:45:00+02:00,1563148,Championship,Inghilterra,Southampton,Swansea,1,0,3,1,0.95,40.415,30.235,29.349999999999998,11.065000000000001,1.4273595148,1.1986031999999998,2.6259627148,0.22875631480000025,51.675000000000004,48.325,5,2,5,2,2,0,2,0,72,69,80.083,100.0,0.0,51.675000000000004,75.58749999999999,75,77.87,100.0,0.0,51.675000000000004,76.175,83.98705796399999
2026-09-08,2026-09-08T20:45:00+02:00,1563149,Championship,Inghilterra,Watford,Preston,1,0,2,1,0.95,47.89,29.599999999999998,22.509999999999998,25.380000000000003,1.5564882272,1.0069214208000001,2.5634096480000004,0.5495668063999999,53.38,46.62,5,2,5,0,2,1,2,0,72,60,54.315999999999995,50.0,62.5,53.38,73.99999999999999,55,49.239999999999995,50.0,62.5,53.38,72.99999999999999,61.530323552000006
2026-09-08,2026-09-08T20:45:00+02:00,1563154,Championship,Inghilterra,Wrexham,Burnley,X,1,1,1,0.95,54.900000000000006,27.07,18.029999999999998,36.870000000000005,1.7614831536,0.9399197375999999,2.7014028912,0.821563416,49.1,50.9,5,3,5,2,2,1,2,0,72,57,33.633999999999986,100.0,62.5,49.1,67.675,42,26.25999999999999,100.0,62.5,49.1,60.35,42.49056088
2026-09-09,2026-09-09T18:45:00+02:00,1552142,Eredivisie,Olanda,Twente,Telstar,1,0,1,0,1.0,62.834999999999994,20.369999999999997,16.794999999999998,46.03999999999999,2.502280785,1.2808587359999999,3.783139521,1.221422049,27.134999999999998,72.86500000000001,4,1,4,1,1,0,1,0,60,33,17.128000000000014,62.5,0.0,27.134999999999998,50.925,20,7.920000000000016,62.5,0.0,27.134999999999998,26.849999999999984,14.500456569999997
2026-09-09,2026-09-09T21:45:00+02:00,1575469,Primeira Liga,Portogallo,Moreirense,Benfica,2,0,0,4,1.0,8.28,16.064999999999998,75.655,67.375,0.916345885,2.858761776,3.7751076610000003,1.942415891,27.769999999999996,72.23,4,1,4,1,1,1,2,0,60,33,0.0,62.5,100.0,27.769999999999996,40.162499999999994,12,0.0,62.5,100.0,27.769999999999996,5.324999999999989,0.0
2026-09-09,2026-09-09T18:45:00+02:00,1635628,UEFA Champions League,Europa,Barcelona,Feyenoord,1,0,5,1,1.0,62.955000000000005,17.84,19.205,43.75000000000001,2.93588306,1.6774957056,4.6133787656,1.2583873544000002,16.274999999999995,83.72500000000001,4,0,5,2,2,0,3,0,66,29,21.249999999999986,50.0,0.0,16.274999999999995,44.6,15,12.499999999999986,50.0,0.0,16.274999999999995,14.2,11.91288519199999
2026-09-09,2026-09-09T21:00:00+02:00,1635686,UEFA Champions League,Europa,Liverpool,Atletico Madrid,1,0,2,1,1.0,43.395,25.45,31.155,12.240000000000002,1.8811772300000003,1.573338,3.45451523,0.30783923000000035,32.785,67.215,3,2,4,1,1,1,2,0,60,69,77.96799999999999,100.0,100.0,32.785,63.625,69,75.52,100.0,100.0,32.785,52.25,78.45125389999998
2026-09-09,2026-09-09T21:00:00+02:00,1635698,UEFA Champions League,Europa,Napoli,Arsenal,2,0,0,1,1.0,25.11,26.795,48.095,22.985,1.2565826533333335,1.7927020799999998,3.0492847333333333,0.5361194266666662,41.56999999999999,58.43000000000001,3,0,3,0,1,0,1,0,60,46,58.627,0.0,0.0,41.56999999999999,66.9875,51,54.03,0.0,0.0,41.56999999999999,58.97500000000001,62.471640133333366
2026-09-09,2026-09-09T21:00:00+02:00,1635705,UEFA Champions League,Europa,Paris Saint Germain,Slovan Bratislava,1,0,6,1,1.0,17.705000000000002,23.23,59.065,41.36,1.2208500533333335,2.2398647040000004,3.460714757333334,1.0190146506666669,32.57,67.43,3,2,6,0,1,0,3,0,66,42,25.551999999999992,83.33333333333333,0.0,32.57,58.074999999999996,31,17.28,83.33333333333333,0.0,32.57,41.150000000000006,28.66897445333332
2026-09-09,2026-09-09T21:00:00+02:00,1635736,UEFA Champions League,Europa,Sporting CP,Galatasaray,1,0,3,1,1.0,51.605000000000004,20.965,27.43,24.175000000000004,2.5038197248,1.8380344320000002,4.3418541568,0.6657852927999999,19.099999999999994,80.9,5,1,4,1,3,0,2,0,66,43,56.48499999999999,56.25,0.0,19.099999999999994,52.412499999999994,42,51.64999999999999,56.25,0.0,19.099999999999994,29.825000000000003,53.39502950400001
2026-09-09,2026-09-09T18:45:00+02:00,1635741,UEFA Champions League,Europa,VfB Stuttgart,Viking,1,0,3,1,1.0,40.9,24.895,34.205000000000005,6.694999999999993,1.9142275676879525,1.7636060566753526,3.677833624363305,0.1506215110125999,28.985000000000007,71.015,34,8,19,2,17,3,11,2,74,60,87.94900000000001,42.56965944272446,44.78609625668449,28.985000000000007,62.237500000000004,68,86.61000000000001,42.56965944272446,44.78609625668449,28.985000000000007,49.474999999999994,89.45649422911801
2026-09-09,2026-09-09T21:00:00+02:00,1563151,Championship,Inghilterra,Charlton,QPR,X,1,0,0,0.95,24.490000000000002,29.770000000000003,45.739999999999995,21.249999999999993,1.0819995156,1.5376772352,2.6196767508,0.45567771960000014,51.475,48.525,5,1,5,1,2,0,2,0,72,57,61.750000000000014,50.0,0.0,51.475,74.425,61,57.500000000000014,50.0,0.0,51.475,73.85000000000002,68.102559628
2026-09-09,2026-09-09T20:45:00+02:00,1563152,Championship,Inghilterra,Derby,West Brom,2,0,0,1,0.95,20.955,27.16,51.885000000000005,30.930000000000007,1.1214588424,1.8565766015999998,2.9780354439999996,0.7351177591999998,43.635000000000005,56.364999999999995,5,1,5,1,2,1,2,0,72,53,44.325999999999986,50.0,62.5,43.635000000000005,67.89999999999999,42,38.139999999999986,50.0,62.5,43.635000000000005,60.8,48.54175685600001
2026-09-09,2026-09-09T20:45:00+02:00,1563153,Championship,Inghilterra,Norwich,Birmingham,1,0,2,1,0.95,39.57,28.48,31.95,7.620000000000001,1.5553773472,1.3845456767999997,2.9399230239999996,0.17083167040000036,43.56,56.44,5,0,5,4,2,0,2,1,72,73,86.28399999999999,100.0,62.5,43.56,71.2,77,84.75999999999999,100.0,62.5,43.56,67.4,88.04178307199997
2026-09-10,2026-09-10T21:15:00+02:00,1575465,Primeira Liga,Portogallo,Estrela,SC Braga,1,0,2,1,1.0,36.05,26.590000000000003,37.36,1.3100000000000023,1.63527525,1.6523936000000001,3.28766885,0.01711835000000006,35.905,64.095,4,3,3,1,2,2,2,1,60,76,97.642,100.0,100.0,35.905,66.47500000000001,82,97.38,100.0,100.0,35.905,57.95000000000001,98.8017155
2026-09-10,2026-09-10T21:00:00+02:00,1635632,UEFA Champions League,Europa,Bayern München,Bodo/Glimt,1,0,5,0,1.0,48.025,21.95,30.025000000000002,17.999999999999996,2.345896281812037,1.8704334970119525,4.216329778823989,0.4754627848000845,20.740000000000002,79.25999999999999,34,5,19,2,17,2,10,2,74,48,67.60000000000001,31.54024767801858,39.705882352941174,20.740000000000002,54.87499999999999,50,64.0,31.54024767801858,39.705882352941174,20.740000000000002,34.75,66.71760506399409
2026-09-10,2026-09-10T21:00:00+02:00,1635648,UEFA Champions League,Europa,Como,RB Leipzig,1,0,4,1,1.0,49.775000000000006,24.37,25.855,23.920000000000005,2.0403745258316035,1.4628270075570935,3.503201533388697,0.57754751827451,31.904999999999994,68.095,3,1,34,5,0,0,17,3,63,52,56.94399999999999,60.04901960784312,44.11764705882353,31.904999999999994,60.925,51,52.15999999999999,60.04901960784312,44.11764705882353,31.904999999999994,46.85,59.5716737207843
2026-09-10,2026-09-10T18:45:00+02:00,1635659,UEFA Champions League,Europa,Fenerbahçe,AS Roma,X,1,1,1,1.0,21.875,22.25,55.875,34.0,1.3864100400000001,2.255353152,3.641763192,0.868943112,29.774999999999995,70.22500000000001,4,0,3,0,2,0,1,0,60,34,38.8,0.0,0.0,29.774999999999995,55.625,32,32.0,0.0,0.0,29.774999999999995,36.25,39.17398216
2026-09-10,2026-09-10T21:00:00+02:00,1635697,UEFA Champions League,Europa,Manchester United,Sabah FA,1,0,4,0,1.0,21.775,23.695,54.53,32.755,1.391726858666667,2.2112724479999994,3.6029993066666663,0.8195455893333325,30.569999999999997,69.43,3,1,3,0,1,0,1,0,60,41,41.041,41.666666666666664,0.0,30.569999999999997,59.2375,38,34.489999999999995,41.666666666666664,0.0,30.569999999999997,43.475,42.63180874666672
2026-09-10,2026-09-10T18:45:00+02:00,1635708,UEFA Champions League,Europa,PSV Eindhoven,Shakhtar Donetsk,X,1,1,1,1.0,52.78,21.85,25.369999999999997,27.410000000000004,2.3722068600000004,1.6552312895999999,4.0274381496,0.7169755704000005,23.719999999999995,76.28,5,1,5,0,2,1,3,0,72,44,50.66199999999999,25.0,62.5,23.719999999999995,54.625,41,45.17999999999999,25.0,62.5,23.719999999999995,34.25000000000001,49.81171007199997
2026-09-10,2026-09-10T21:00:00+02:00,1635729,UEFA Champions League,Europa,Slavia Praha,Lens,2,0,2,3,1.0,62.949999999999996,20.549999999999997,16.5,46.449999999999996,2.5097330468571437,1.26707429877551,3.776807345632654,1.2426587480816338,27.425,72.575,7,2,3,0,4,1,1,0,66,33,16.39,35.71428571428571,31.25,27.425,51.37499999999999,19,7.1000000000000085,35.71428571428571,31.25,27.425,27.749999999999986,13.013887634285638
2026-09-14,2026-09-14T18:30:00+02:00,1550118,Serie A,Italia,Como,Parma,1,0,2,1,1.0,68.21000000000001,22.735,9.055,59.15500000000001,2.022314922666667,0.626359104,2.648674026666667,1.3959558186666667,51.26500000000001,48.735,3,1,3,1,0,0,1,0,60,37,0.0,83.33333333333333,0.0,51.26500000000001,56.8375,20,0.0,83.33333333333333,0.0,51.26500000000001,38.675,2.28309269333333
2026-09-14,2026-09-14T20:45:00+02:00,1550120,Serie A,Italia,Inter,Udinese,1,0,5,3,1.0,57.235,22.900000000000002,19.865,37.370000000000005,2.196207286666667,1.2766124799999998,3.472819766666667,0.9195948066666673,32.025000000000006,67.975,3,0,3,1,2,0,1,0,60,38,32.733999999999995,41.666666666666664,0.0,32.025000000000006,57.25,33,25.25999999999999,41.666666666666664,0.0,32.025000000000006,39.500000000000014,35.628363533333285
2026-09-14,2026-09-14T18:30:00+02:00,1550125,Serie A,Italia,Torino,AS Roma,2,0,0,2,1.0,12.709999999999999,20.565,66.725,54.01499999999999,1.0059218033333335,2.366763872,3.3726856753333334,1.3608420686666665,34.61,65.39,3,0,3,0,1,0,1,0,60,23,2.7730000000000103,0.0,0.0,34.61,51.412499999999994,12,0.0,0.0,0.0,34.61,27.825000000000006,4.741055193333352
2026-09-14,2026-09-14T21:00:00+02:00,1557402,Premier League,Inghilterra,Leeds,Newcastle,1,0,4,1,1.0,35.77,29.659999999999997,34.57,1.2000000000000028,1.416249252,1.3676292479999999,2.7838785,0.048620004000000216,47.595,52.405,3,2,3,2,1,1,1,0,60,81,97.83999999999999,100.0,100.0,47.595,74.14999999999999,86,97.6,100.0,100.0,47.595,73.29999999999998,96.59659971999999
2026-09-14,2026-09-14T21:00:00+02:00,1570382,La Liga,Spagna,Villarreal,Real Betis,2,0,1,2,1.0,31.645,27.694999999999997,40.660000000000004,9.015000000000004,1.403424948,1.6083359039999998,3.011760852,0.20491095599999976,41.925000000000004,58.074999999999996,4,2,4,0,1,0,2,0,60,62,83.773,62.5,0.0,41.925000000000004,69.23749999999998,70,81.97,62.5,0.0,41.925000000000004,63.47499999999998,85.65623308000002
2026-09-14,2026-09-14T21:45:00+02:00,1575494,Primeira Liga,Portogallo,SC Braga,Estoril,1,0,1,0,1.0,58.43000000000001,29.075,12.495000000000001,45.935,1.6074287850000002,0.6423537119999999,2.249782497,0.9650750730000003,61.349999999999994,38.65,4,1,5,2,1,0,2,0,66,49,17.316999999999993,81.25,0.0,61.349999999999994,72.6875,40,8.129999999999995,81.25,0.0,61.349999999999994,70.375,32.44474488999998
2026-09-14,2026-09-14T21:15:00+02:00,1575497,Primeira Liga,Portogallo,Moreirense,Maritimo,1,0,3,1,1.0,26.555,28.58,44.865,18.310000000000002,1.2270697376000002,1.6566939647999996,2.8837637023999996,0.4296242271999995,45.115,54.885,5,1,5,1,2,1,2,0,72,62,67.042,50.0,62.5,45.115,71.44999999999999,64,63.379999999999995,50.0,62.5,45.115,67.89999999999999,69.92630409600004
2026-09-14,2026-09-14T19:45:00+02:00,1575499,Primeira Liga,Portogallo,Rio Ave,Estrela,X,1,3,3,1.0,17.685000000000002,24.42,57.894999999999996,40.209999999999994,1.1207982291999998,2.0828940287999997,3.2036922579999993,0.9620957995999999,38.015,61.985,5,0,5,3,2,0,2,1,72,48,27.622000000000014,74.99999999999999,62.5,38.015,61.04999999999999,37,19.580000000000013,74.99999999999999,62.5,38.015,47.10000000000001,32.653294028000005
2026-09-14,2026-09-14T20:45:00+02:00,1552474,Ligue 2,Francia,RED Star FC 93,Metz,1,0,1,0,0.95,23.66,29.599999999999998,46.739999999999995,23.079999999999995,1.0379308,1.5532797120000001,2.591210512,0.5153489120000001,51.86999999999999,48.13,5,2,5,3,2,1,2,2,72,70,58.45600000000001,100.0,100.0,51.86999999999999,73.99999999999999,55,53.84000000000001,100.0,100.0,51.86999999999999,72.99999999999999,63.92557615999999
2026-09-14,2026-09-14T20:30:00+02:00,1569918,Segunda División,Spagna,Celta de Vigo II,Eibar,2,0,0,4,0.95,37.355,30.75,31.895,5.459999999999997,1.3704824800000002,1.25920512,2.6296876000000005,0.1112773600000001,50.955,49.045,4,1,4,0,2,0,1,0,60,64,90.172,31.25,0.0,50.955,76.875,77,89.08000000000001,31.25,0.0,50.955,78.75,92.21058479999999
2026-09-14,2026-09-14T19:00:00+02:00,1584408,Süper Lig,Turchia,Gaziantep FK,Fenerbahçe,X,1,0,0,0.95,37.125,27.205000000000002,35.67,1.4549999999999983,1.591040125,1.5699432,3.160983325,0.021096924999999933,39.05499999999999,60.94500000000001,4,1,4,0,2,1,2,0,60,66,97.381,31.25,62.5,39.05499999999999,68.0125,77,97.09,31.25,62.5,39.05499999999999,61.025000000000006,98.52321525
2026-09-15,2026-09-15T20:00:00+02:00,1552143,Eredivisie,Olanda,Ajax,Willem II,1,0,5,1,1.0,75.03999999999999,15.459999999999999,9.5,65.53999999999999,2.9956402419999995,1.0907821824000001,4.086422424399999,1.9048580595999993,22.419999999999995,77.58,5,1,5,2,2,1,2,1,72,33,0.0,75.00000000000001,100.0,22.419999999999995,38.65,11,0.0,75.00000000000001,100.0,22.419999999999995,2.2999999999999954,0.0
2026-09-15,2026-09-15T20:00:00+02:00,1570383,La Liga,Spagna,Alaves,Valencia,2,0,0,1,1.0,75.81,18.360000000000003,5.83,69.98,2.27768401,0.53915664,2.81684065,1.7385273700000003,46.47,53.53,5,1,5,1,3,0,2,0,72,29,0.0,50.0,0.0,46.47,45.9,12,0.0,50.0,0.0,46.47,16.800000000000015,0.0
2026-09-15,2026-09-15T21:30:00+02:00,1570388,La Liga,Spagna,Elche,Real Madrid,2,0,2,3,1.0,11.695,18.92,69.38499999999999,57.68999999999999,1.0285619688000003,2.5958315904,3.6243935592000005,1.5672696215999997,29.915000000000003,70.085,5,2,5,0,2,0,2,0,72,26,0.0,50.0,0.0,29.915000000000003,47.3,11,0.0,50.0,0.0,29.915000000000003,19.60000000000001,0.0
2026-09-15,2026-09-15T19:00:00+02:00,1570391,La Liga,Spagna,Rayo Vallecano,Espanyol,1,0,2,1,1.0,24.465,24.68,50.855,26.389999999999997,1.4065043752000002,2.0674665599999997,3.4739709351999997,0.6609621847999996,32.28,67.72,5,1,5,1,2,1,2,0,72,52,52.498000000000005,50.0,62.5,32.28,61.7,49,47.220000000000006,50.0,62.5,32.28,48.4,53.73264706400003
2026-09-15,2026-09-15T20:45:00+02:00,1563145,Championship,Inghilterra,Bristol City,Lincoln,2,0,0,1,0.95,42.02,29.45,28.53,13.490000000000002,1.4979125000000004,1.2110199999999998,2.7089325000000004,0.28689250000000066,49.129999999999995,50.870000000000005,6,1,6,2,2,0,3,0,72,62,75.71799999999999,62.5,0.0,49.129999999999995,73.625,69,73.02,62.5,0.0,49.129999999999995,72.24999999999999,79.91752499999996
2026-09-15,2026-09-15T20:45:00+02:00,1563147,Championship,Inghilterra,Middlesbrough,Millwall,X,1,2,2,0.95,48.325,24.755,26.919999999999998,21.405000000000005,2.004046176,1.455734528,3.459780704,0.5483116480000001,32.75,67.25,6,1,6,0,3,0,3,0,72,46,61.47099999999999,20.833333333333332,0.0,32.75,61.887499999999996,50,57.18999999999999,20.833333333333332,0.0,32.75,48.775,61.618184639999996
2026-09-16,2026-09-16T19:00:00+02:00,1570384,La Liga,Spagna,Atletico Madrid,Osasuna,1,0,4,0,1.0,54.459999999999994,25.77,19.77,34.69,1.9071486080000002,1.1031539712,3.0103025792,0.8039946368000002,41.58,58.42,5,1,5,1,2,1,2,0,72,50,37.558,50.0,62.5,41.58,64.42499999999998,42,30.620000000000005,50.0,62.5,41.58,53.849999999999994,43.72037542399999
2026-09-16,2026-09-16T21:30:00+02:00,1570385,La Liga,Spagna,Barcelona,Racing Santander,1,0,7,2,1.0,79.32000000000001,12.725,7.954999999999999,71.36500000000001,3.427347078000001,1.162072224,4.589419302000001,2.2652748540000007,16.264999999999997,83.735,5,0,5,1,2,0,2,0,72,16,0.0,25.0,0.0,16.264999999999997,31.8125,3,0.0,25.0,0.0,16.264999999999997,0.0,0.0
2026-09-16,2026-09-16T19:00:00+02:00,1570387,La Liga,Spagna,Deportivo La Coruna,Sevilla,2,0,0,1,1.0,40.28,29.360000000000003,30.36,9.920000000000002,1.5194945664,1.3115065343999999,2.8310011008,0.20798803200000004,46.345000000000006,53.654999999999994,5,3,5,1,2,1,2,1,72,76,82.14399999999999,100.0,100.0,46.345000000000006,73.4,78,80.16,100.0,100.0,46.345000000000006,71.80000000000003,85.44083776
2026-09-16,2026-09-16T21:00:00+02:00,1636207,UEFA Europa League,Europa,AC Milan,Benfica,2,0,0,2,1.0,18.459999999999997,21.584999999999997,59.955000000000005,41.495000000000005,1.31846934,2.394730944,3.713200284,1.076261604,28.205000000000002,71.795,4,2,6,1,1,0,3,0,66,39,25.308999999999983,83.33333333333333,0.0,28.205000000000002,53.96249999999999,28,17.00999999999999,83.33333333333333,0.0,28.205000000000002,32.92499999999999,24.661687720000003
2026-09-16,2026-09-16T21:00:00+02:00,1636212,UEFA Europa League,Europa,Anderlecht,Lyon,2,0,1,2,1.0,25.019999999999996,35.27,39.71,14.690000000000005,0.84582965,1.109519904,1.9553495539999999,0.2636902539999999,68.475,31.525,6,1,4,2,3,1,2,1,66,80,73.55799999999999,83.33333333333333,100.0,68.475,88.175,83,70.61999999999999,83.33333333333333,100.0,68.475,100.0,81.54168222000001
2026-09-16,2026-09-16T18:45:00+02:00,1636217,UEFA Europa League,Europa,Ararat-Armenia,Sparta Praha,2,0,1,4,1.0,45.365,26.775,27.860000000000003,17.505,1.802981825,1.3860395999999997,3.189021425,0.41694222500000033,37.995000000000005,62.004999999999995,7,1,8,0,4,1,4,0,72,53,68.491,17.857142857142854,31.25,37.995000000000005,66.9375,58,64.99000000000001,17.857142857142854,31.25,37.995000000000005,58.874999999999986,70.81404424999998
2026-09-16,2026-09-16T21:00:00+02:00,1636225,UEFA Europa League,Europa,Bayer Leverkusen,Celje,1,0,2,0,1.0,58.105,22.305,19.59,38.515,2.2779792862500003,1.294196184,3.5721754702500004,0.9837831022500003,30.255,69.745,3,1,8,2,1,0,4,0,66,41,30.673000000000002,72.91666666666666,0.0,30.255,55.762499999999996,32,22.97,72.91666666666666,0.0,30.255,36.525,31.135182842499972
2026-09-16,2026-09-16T21:00:00+02:00,1636265,UEFA Europa League,Europa,Hapoel Beer Sheva,Dinamo Zagreb,X,1,0,0,1.0,27.85,24.415,47.735,19.884999999999998,1.5614914590000002,2.035373792,3.5968652510000005,0.47388233299999993,30.635,69.365,4,1,6,1,2,1,2,1,66,58,64.207,52.08333333333333,100.0,30.635,61.0375,57,60.230000000000004,52.08333333333333,100.0,30.635,47.074999999999996,66.82823669000001
2026-09-16,2026-09-16T21:00:00+02:00,1636309,UEFA Europa League,Europa,Olympiakos Piraeus,Jagiellonia,1,0,2,1,1.0,32.934999999999995,32.379999999999995,34.685,1.750000000000007,1.177489238326531,1.2020813377959183,2.3795705761224495,0.02459209946938734,57.475,42.525,4,1,7,0,2,0,4,0,66,69,96.85,31.25,0.0,57.475,80.94999999999999,83,96.49999999999999,31.25,0.0,57.475,86.89999999999998,98.27855303714288
2026-09-16,2026-09-16T18:45:00+02:00,1636312,UEFA Europa League,Europa,Omonia Nicosia,Celta Vigo,1,0,1,0,1.0,51.239999999999995,34.555,14.205000000000002,37.035,1.2352727313333334,0.5390904959999999,1.7743632273333332,0.6961822353333335,74.03999999999999,25.96,3,2,6,4,2,2,3,3,66,71,33.337,100.0,100.0,74.03999999999999,86.3875,42,25.930000000000007,100.0,100.0,74.03999999999999,97.775,51.26724352666666
2026-09-16,2026-09-16T21:00:00+02:00,1636341,UEFA Europa League,Europa,Sturm Graz,Rennes,X,1,0,0,1.0,34.86,28.299999999999997,36.84,1.980000000000004,1.4544152233333334,1.5054096,2.9598248233333333,0.05099437666666651,43.635000000000005,56.364999999999995,6,2,4,1,3,1,1,0,66,71,96.43599999999999,72.91666666666666,41.666666666666664,43.635000000000005,70.74999999999999,80,96.03999999999999,72.91666666666666,41.666666666666664,43.635000000000005,66.49999999999999,96.43039363333334
2026-09-16,2026-09-16T21:00:00+02:00,1636344,UEFA Europa League,Europa,Sunderland,AZ Alkmaar,1,0,1,0,1.0,12.950000000000001,23.005,64.045,51.095,0.9084751200000002,2.1205852800000002,3.0290604000000005,1.21211016,41.48500000000001,58.51499999999999,4,1,6,1,2,0,3,0,66,34,8.028999999999996,52.08333333333333,0.0,41.48500000000001,57.5125,22,0.0,52.08333333333333,0.0,41.48500000000001,40.02499999999999,15.152288800000008
2026-09-17,2026-09-17T19:00:00+02:00,1570386,La Liga,Spagna,Real Betis,Getafe,1,0,1,0,1.0,52.42,29.805,17.775,34.645,1.5577186963999996,0.8247789504,2.3824976467999996,0.7329397459999996,57.62499999999999,42.375,5,0,5,2,2,0,2,0,72,51,37.638999999999996,50.0,0.0,57.62499999999999,74.51249999999999,42,30.709999999999994,50.0,0.0,57.62499999999999,74.02499999999999,48.69421778000003
2026-09-17,2026-09-17T21:30:00+02:00,1570390,La Liga,Spagna,Malaga,Villarreal,2,0,1,3,1.0,31.885,29.575000000000003,38.54,6.654999999999998,1.3170182848,1.4706645887999998,2.7876828735999997,0.1536463039999998,47.46,52.54,5,3,5,2,2,2,3,2,72,78,88.021,100.0,100.0,47.46,73.9375,81,86.69,100.0,100.0,47.46,72.87500000000001,89.24475872000002
2026-09-17,2026-09-17T21:00:00+02:00,1636232,UEFA Europa League,Europa,Beşiktaş,Marseille,1,0,4,1,1.0,61.475,23.235,15.290000000000001,46.185,2.1391616094,1.0429838496,3.182145459,1.0961777598,38.434999999999995,61.565000000000005,5,0,4,0,3,0,2,0,66,30,16.86699999999999,0.0,0.0,38.434999999999995,58.08749999999999,23,7.6299999999999955,0.0,0.0,38.434999999999995,41.175,23.267556814000002
2026-09-17,2026-09-17T21:00:00+02:00,1636247,UEFA Europa League,Europa,Celtic,Ferencvarosi TC,2,0,1,3,1.0,49.485,26.26,24.255,25.23,1.8415356680000003,1.248204416,3.0897400840000007,0.5933312520000003,40.315,59.685,6,0,6,2,3,0,4,0,72,49,54.586,41.666666666666664,0.0,40.315,65.64999999999999,51,49.54,41.666666666666664,0.0,40.315,56.300000000000004,58.466812359999984
2026-09-17,2026-09-17T21:00:00+02:00,1636251,UEFA Europa League,Europa,Crystal Palace,Lech Poznan,1,0,4,0,1.0,17.84,23.080000000000002,59.08,41.239999999999995,1.1896050253469388,2.2281379523265303,3.417742977673469,1.0385329269795915,33.885,66.115,4,0,7,1,2,0,3,0,66,34,25.768,17.857142857142854,0.0,33.885,57.699999999999996,27,17.52000000000001,17.857142857142854,0.0,33.885,40.400000000000006,27.30269511142859
2026-09-17,2026-09-17T21:00:00+02:00,1636278,UEFA Europa League,Europa,Juventus,NEC Nijmegen,1,0,5,0,1.0,48.5,26.265,25.235000000000003,23.264999999999997,1.8140475360000003,1.2561024000000003,3.070149936000001,0.5579451360000001,40.65,59.35,4,1,6,1,2,1,3,0,66,57,58.123000000000005,52.08333333333333,62.5,40.65,65.6625,55,53.470000000000006,52.08333333333333,62.5,40.65,56.325,60.94384048
2026-09-17,2026-09-17T18:45:00+02:00,1636285,UEFA Europa League,Europa,Levski Sofia,Red Bull Salzburg,2,0,0,1,1.0,36.695,27.860000000000003,35.445,1.25,1.599543580444445,1.575294613333333,3.174838193777778,0.024248967111111908,38.775000000000006,61.224999999999994,9,1,6,2,5,0,3,2,72,71,97.75,55.55555555555555,83.33333333333333,38.775000000000006,69.65,80,97.5,55.55555555555555,83.33333333333333,38.775000000000006,64.30000000000001,98.30257230222216
2026-09-17,2026-09-17T21:00:00+02:00,1636287,UEFA Europa League,Europa,Lillestrom,Torreense,2,0,1,2,1.0,40.23,29.630000000000003,30.14,10.089999999999996,1.4354391952,1.2268708799999999,2.6623100751999997,0.2085683152000002,50.085,49.915,20,2,6,3,10,0,3,1,81,69,81.83800000000001,74.99999999999999,41.666666666666664,50.085,74.075,75,79.82000000000001,74.99999999999999,41.666666666666664,50.085,73.15000000000002,85.40021793599999
2026-09-17,2026-09-17T18:45:00+02:00,1636304,UEFA Europa League,Europa,OFI,1899 Hoffenheim,1,0,2,0,1.0,50.760000000000005,25.779999999999998,23.46,27.300000000000004,1.9681022120000005,1.2860870400000002,3.2541892520000006,0.6820151720000003,37.035,62.965,4,0,3,0,2,0,1,0,60,42,50.85999999999999,0.0,0.0,37.035,64.44999999999999,44,45.39999999999999,0.0,0.0,37.035,53.89999999999999,52.25893795999998
2026-09-17,2026-09-17T21:00:00+02:00,1636316,UEFA Europa League,Europa,Plzen,Union St. Gilloise,2,0,0,3,1.0,19.23,20.745,60.02499999999999,40.79499999999999,1.4411620080000003,2.5374820160000002,3.9786440240000003,1.096320008,24.229999999999997,75.77000000000001,8,4,6,1,5,2,3,0,72,42,26.569000000000017,83.33333333333333,50.0,24.229999999999997,51.8625,28,18.410000000000025,83.33333333333333,50.0,24.229999999999997,28.725000000000005,23.257599440000007
2026-09-17,2026-09-17T21:00:00+02:00,1636321,UEFA Europa League,Europa,Real Sociedad,Bournemouth,2,0,1,2,1.0,27.935,26.369999999999997,45.695,17.76,1.424801809,1.8539672639999998,3.278769073,0.4291654549999997,36.77,63.23,6,1,4,3,3,1,2,1,66,68,68.032,100.0,100.0,36.77,65.92499999999998,65,64.47999999999999,100.0,100.0,36.77,56.84999999999999,69.95841815000003
